facilityType,seNumber,seCode,seName,rootCriterionCode,rootDescription,subCriteriaCodes,sortOrder,active
HOSPITAL,1,SE 1,Management and Leadership,1.2.6.1,The organisation's leaders ensure that policies and procedures guide and support the activities and management of the organisation.,1.2.6.2|1.2.6.3|1.2.6.4|1.2.6.5|1.2.6.6,1,TRUE
HOSPITAL,1,SE 1,Management and Leadership,1.2.8.1,"The organisation's leaders promote communication among departments, services and individual staff members",1.2.8.2|1.2.8.3|1.2.8.4,2,TRUE
HOSPITAL,1,SE 1,Management and Leadership,1.3.1.2,The responsibilities of each departmental manager are defined in writing,1.3.1.3|1.3.1.4|1.3.1.5|1.3.1.6|1.3.1.7|1.3.1.8,3,TRUE
HOSPITAL,2,SE 2,Human Resource Management,2.1.2.2,There is documented personnel information on each staff member.,2.1.2.3|2.1.2.4|2.1.2.5|2.1.2.6|2.1.2.7|2.1.2.8|2.1.2.9,1,TRUE
HOSPITAL,2,SE 2,Human Resource Management,2.2.1.1,There are documented processes for staffing the organisation,2.2.1.2|2.2.1.3|2.2.1.4|2.2.1.5|2.2.1.6|2.2.1.7,2,TRUE
HOSPITAL,2,SE 2,Human Resource Management,2.3.1.1,"Personnel employed by the organisation have written job descriptions and performance agreements, which define their responsibilities.",2.3.1.2|2.3.1.3,3,TRUE
HOSPITAL,2,SE 2,Human Resource Management,2.3.2.1,Key performance areas for each staff member are identified in their job descriptions and performance agreements.,2.3.2.2,4,TRUE
HOSPITAL,2,SE 2,Human Resource Management,2.3.3.2,"There are mutually agreed processes for the satisfactory conduct of industrial relations activities, which meet the requirements of current legislation.",2.3.3.3|2.3.3.4|2.3.3.5|2.3.3.6,5,TRUE
HOSPITAL,2,SE 2,Human Resource Management,2.4.1.1,There are documented programmes for staff orientation to the organisation,2.4.1.2|2.4.1.3|2.4.1.4,6,TRUE
HOSPITAL,2,SE 2,Human Resource Management,2.4.2.1,The organisation has a coordinated plan for in-service training and development,2.4.2.2|2.4.2.3|2.4.2.4|2.4.2.5,7,TRUE
HOSPITAL,2,SE 2,Human Resource Management,2.5.1.1,"Those permitted by law, regulation and the organisation to provide patient care without supervision are identified.",2.5.1.2|2.5.1.3|2.5.1.4|2.5.1.5|2.5.1.6,8,TRUE
HOSPITAL,3,SE 3,Administrative Support,3.1.1.2,The financial manager ensures that policies and procedures are available to guide the staff and that they are implemented.,3.1.1.3|3.1.1.4|3.1.1.5|3.1.1.6|3.1.1.7|3.1.1.8|3.1.1.9|3.1.1.10,1,TRUE
HOSPITAL,3,SE 3,Administrative Support,3.2.1.2,The health record manager ensures that policies and procedures are available to guide the personnel and that they are implemented.,3.2.1.3|3.2.1.4|3.2.1.5|3.2.1.7|3.2.1.8|3.2.1.9|3.2.1.10|3.2.1.11|3.2.1.12|3.2.1.13|3.2.1.14|3.2.1.15,2,TRUE
HOSPITAL,3,SE 3,Administrative Support,3.3.1.2,The provisioning manager ensures that policies and procedures are available to guide the personnel and that they are implemented.,3.3.1.3|3.3.1.4|3.3.1.5|3.3.1.6,3,TRUE
HOSPITAL,3,SE 3,Administrative Support,3.3.2.1,Secure storage facilities are available,3.3.2.2|3.3.2.3|3.3.2.4|3.3.2.5,4,TRUE
HOSPITAL,4,SE 4,Access to Care,4.1.1.7,Screening is initiated at the point of first contact with the organisation.,4.1.1.8|4.1.1.9|4.1.1.10,1,TRUE
HOSPITAL,4,SE 4,Access to Care,4.2.3.1,There is a process to provide patient/family with information at admission.,4.2.3.2|4.2.3.3|4.2.3.4,2,TRUE
HOSPITAL,4,SE 4,Access to Care,4.2.4.1,"The organisation has established entry and/or transfer criteria for its intensive and specialised units, including research and other programmes to meet special patient needs.",4.2.4.2|4.2.4.3|4.2.4.4|4.2.4.5|4.2.4.6,3,TRUE
HOSPITAL,5,SE 5,Patient and Family Rights,5.1.1.1,The leaders of the organisation work collaboratively to protect and advance patient and family rights through an established framework.,5.1.1.2|5.1.1.3|5.1.1.4|5.1.1.5|5.1.1.6,1,TRUE
HOSPITAL,5,SE 5,Patient and Family Rights,5.4.1.1,Patients and families are informed about their rights to refuse or discontinue treatment.,5.4.1.2,2,TRUE
HOSPITAL,5,SE 5,Patient and Family Rights,5.4.2.1,The organisation has identified its position on withholding resuscitative services and forgoing or withdrawing life-sustaining treatments.,5.4.2.2|5.4.2.3|5.4.2.4|5.4.2.5,3,TRUE
HOSPITAL,5,SE 5,Patient and Family Rights,5.5.1.1,There is a mechanism to allow for the hearing of complaints and to act upon them.,5.5.1.2|5.5.1.3,4,TRUE
HOSPITAL,6,SE 6,Management of Information,6.1.1.1,Information systems are developed and implemented in the organisation,6.1.1.2|6.1.1.3,1,TRUE
HOSPITAL,6,SE 6,Management of Information,6.3.1.2,Clinical and managerial data and information are integrated as needed to support decision-making,6.3.1.3|6.3.1.4|6.3.1.5,2,TRUE
HOSPITAL,7,SE 7,Risk Management,7.1.1.1,"There are documented risk management processes for the identification of all risks (physical, environmental, medico-legal, operational, etc) relating to organisational processes and systems, staff, patients, visitors and physical facilities.",7.1.1.2|7.1.1.3|7.1.1.4|7.1.1.5|7.1.1.6|7.1.1.7|7.1.1.8,1,TRUE
HOSPITAL,7,SE 7,Risk Management,7.2.1.1,Policies and/or procedures that address the accuracy of patient identification are implemented,7.2.1.2|7.2.1.3|7.2.1.4|7.2.1.5,2,TRUE
HOSPITAL,7,SE 7,Risk Management,7.2.2.1,Policies and/or procedures that address the accuracy of verbal and telephone orders are implemented.,7.2.2.2|7.2.2.3|7.2.2.4,3,TRUE
HOSPITAL,7,SE 7,Risk Management,7.2.3.1,"Policies and/or procedures that address the location, labelling and storage of concentrated electrolytes are implemented.",7.2.3.2,4,TRUE
HOSPITAL,7,SE 7,Risk Management,7.2.4.1,"Policies and/or procedures that establish uniform processes to ensure the identification of the correct site, correct procedure and correct patient are implemented.",7.2.4.2|7.2.4.3,5,TRUE
HOSPITAL,7,SE 7,Risk Management,7.2.5.1,Policies and procedures that address reducing the risk of patient harm resulting from falls in the organisation are implemented.,7.2.5.2|7.2.5.3,6,TRUE
HOSPITAL,7,SE 7,Risk Management,7.5.1.1,There are structured systems and processes in place to ensure that all occupants of the organisation's facilities are safe from fire or smoke,7.5.1.2|7.5.1.3|7.5.1.4|7.5.1.5|7.5.1.6|7.5.1.7|7.5.1.8,7,TRUE
HOSPITAL,7,SE 7,Risk Management,7.7.1.1,"Waste is managed according to documented systems consistent with legislation, local by-laws and regulations",7.7.1.2|7.7.1.3|7.7.1.4|7.7.1.5|7.7.1.6|7.7.1.7,8,TRUE
HOSPITAL,8,SE 8,Quality Management and Improvement,8.1.1.1,There is a system for the implementation of quality management and improvement processes,8.1.1.2|8.1.1.3|8.1.1.4|8.1.1.5|8.1.1.6,1,TRUE
HOSPITAL,8,SE 8,Quality Management and Improvement,8.2.1.1,The leaders identify key measures to monitor the quality of clinical processes,8.2.1.2|8.2.1.3|8.2.1.4|8.2.1.5|8.2.1.6|8.2.1.7|8.2.1.8,2,TRUE
HOSPITAL,8,SE 8,Quality Management and Improvement,8.2.2.1,Management and all departments identify key measures to monitor quality assurance and improvement processes.,8.2.2.2|8.2.2.3|8.2.2.4,3,TRUE
HOSPITAL,9,SE 9,Prevention and Control of Infection,9.1.1.1,There is a process to reduce the risk of healthcare associated (nosocomial) infections to patients and healthcare workers.,9.1.1.2|9.1.1.3|9.1.1.4|9.1.1.5|9.1.1.6|9.1.1.7|9.1.1.8,1,TRUE
HOSPITAL,9,SE 9,Prevention and Control of Infection,9.1.2.1,The processes to reduce healthcare associated (nosocomial) infections include systematic and proactive surveillance activities to determine usual (endemic) rates of infection.,9.1.2.2|9.1.2.3|9.1.2.4|9.1.2.5,2,TRUE
HOSPITAL,9,SE 9,Prevention and Control of Infection,9.2.1.1,The organisation has identified those processes associated with infection risk and implemented strategies to reduce such risk.,9.2.1.2|9.2.1.3|9.2.1.4|9.2.1.5|9.2.1.6|9.2.1.7|9.2.1.8|9.2.1.9|9.2.1.10,3,TRUE
HOSPITAL,9,SE 9,Prevention and Control of Infection,9.2.2.1,The organisation identifies those situations for which protective clothing is required,9.2.2.2,4,TRUE
HOSPITAL,9,SE 9,Prevention and Control of Infection,9.2.2.3,The organisation identifies those areas where hand washing and disinfecting procedures are required,9.2.2.4,5,TRUE
HOSPITAL,9,SE 9,Prevention and Control of Infection,9.3.1.1,The organisation identifies those environmental sites from which specimens are to be collected,9.3.1.2|9.3.1.3,6,TRUE
HOSPITAL,9,SE 9,Prevention and Control of Infection,9.4.1.1,"The organisation uses quality improvement methodology to track infection risks, infection rates and trend in healthcare associated/nosocomial infections.",9.4.1.2,7,TRUE
HOSPITAL,9,SE 9,Prevention and Control of Infection,9.5.1.1,The organisation provides ongoing in-service training about infection control to all personnel.,9.5.1.2|9.5.1.3,8,TRUE
HOSPITAL,10,SE 10,General Medical/Surgical/Paediatric and Obstetric Care,10.1.2.1,The patients' clinical records are completed according to guidelines determined by the organisation.,10.1.2.2|10.1.2.3|10.1.2.4|10.1.2.5|10.1.2.6|10.1.2.7,1,TRUE
HOSPITAL,10,SE 10,General Medical/Surgical/Paediatric and Obstetric Care,10.2.1.1,Patient and staff accommodation and equipment is adequate to meet patient care needs,10.2.1.2|10.2.1.3|10.2.1.4|10.2.1.5|10.2.1.6|10.2.1.7|10.2.1.8,2,TRUE
HOSPITAL,10,SE 10,General Medical/Surgical/Paediatric and Obstetric Care,10.4.1.1,The organisation implements policies and procedures for assessing patients on admission and during ongoing care.,10.4.1.2|10.4.1.3|10.4.1.4,3,TRUE
HOSPITAL,10,SE 10,General Medical/Surgical/Paediatric and Obstetric Care,10.4.2.1,Each patient admitted has an initial assessment that meets organisational policy.,10.4.2.2|10.4.2.3|10.4.2.4|10.4.2.5|10.4.2.6|10.4.2.7|10.4.2.8|10.4.2.9,4,TRUE
HOSPITAL,10,SE 10,General Medical/Surgical/Paediatric and Obstetric Care,10.5.1.1,The planned care is provided and noted in the patient's record.,10.5.1.2|10.5.1.3|10.5.1.4|10.5.1.5,5,TRUE
HOSPITAL,10,SE 10,General Medical/Surgical/Paediatric and Obstetric Care,10.5.2.1,Policies and procedures for identified high-risk patients and procedures which include at least items a) to l) in the intent statement above are implemented,10.5.2.2,6,TRUE
HOSPITAL,10,SE 10,General Medical/Surgical/Paediatric and Obstetric Care,10.5.3.1,There is a documented process for obtaining informed consent,10.5.3.2|10.5.3.3|10.5.3.4,7,TRUE
HOSPITAL,10,SE 10,General Medical/Surgical/Paediatric and Obstetric Care,10.5.4.1,The patient's initial medical assessment is documented before anaesthesia,10.5.4.2,8,TRUE
HOSPITAL,10,SE 10,General Medical/Surgical/Paediatric and Obstetric Care,10.5.6.1,"Policies and procedures regarding end-of-life care, at least including elements a) to d) in the intent statement, are implemented.",10.5.6.2|10.5.6.3|10.5.6.4,9,TRUE
HOSPITAL,10,SE 10,General Medical/Surgical/Paediatric and Obstetric Care,10.6.1.1,"Policies and procedures that guide the safe prescribing, ordering and administration of medications are implemented.",10.6.1.2|10.6.1.3|10.6.1.4,10,TRUE
HOSPITAL,10,SE 10,General Medical/Surgical/Paediatric and Obstetric Care,10.9.1.1,Policies and procedures that guide the movement of patients within the organisation are implemented.,10.9.1.2|10.9.1.3|10.9.1.4,11,TRUE
HOSPITAL,10,SE 10,General Medical/Surgical/Paediatric and Obstetric Care,10.9.2.1,Policies and procedures that guide the movement of patients for referral to another organisation are implemented.,10.9.2.2|10.9.2.3,12,TRUE
HOSPITAL,10,SE 10,General Medical/Surgical/Paediatric and Obstetric Care,10.9.3.1,There is a documented process for transferring patients to other organisations.,10.9.3.2|10.9.3.3|10.9.3.4|10.9.3.5|10.9.3.6|10.9.3.7,13,TRUE
HOSPITAL,10,SE 10,General Medical/Surgical/Paediatric and Obstetric Care,10.9.4.1,There is a documented process to appropriately discharge patients.,10.9.4.2|10.9.4.3|10.9.4.4,14,TRUE
HOSPITAL,10,SE 10,General Medical/Surgical/Paediatric and Obstetric Care,10.11.1.1,There are processes that support patient and family rights during care.,10.11.1.2|10.11.1.3,15,TRUE
HOSPITAL,10,SE 10,General Medical/Surgical/Paediatric and Obstetric Care,10.12.1.1,The department identifies the procedures and processes associated with the risk of infection and implements strategies to reduce risk.,10.12.1.2|10.12.1.3|10.12.1.4|10.12.1.5,16,TRUE
HOSPITAL,11,SE 11,Medical Care,11.1.2.1,The patients' clinical records are completed according to guidelines determined by the organisation.,11.1.2.2|11.1.2.3|11.1.2.4|11.1.2.5|11.1.2.6|11.1.2.7,1,TRUE
HOSPITAL,11,SE 11,Medical Care,11.2.1.1,Patient and staff accommodation and equipment in the service is adequate to meet patient care needs.,11.2.1.2|11.2.1.3|11.2.1.4|11.2.1.5|11.2.1.6|11.2.1.7,2,TRUE
HOSPITAL,11,SE 11,Medical Care,11.4.1.1,The organisation implements policies and procedures for assessing patients on admission and during ongoing care.,11.4.1.2|11.4.1.3|11.4.1.4,3,TRUE
HOSPITAL,11,SE 11,Medical Care,11.4.2.1,Each patient admitted has an initial assessment that meets organisational policy.,11.4.2.2|11.4.2.3|11.4.2.4|11.4.2.5|11.4.2.6|11.4.2.7|11.4.2.8|11.4.2.9,4,TRUE
HOSPITAL,11,SE 11,Medical Care,11.5.1.1,The planned care is provided and noted in the patient's record.,11.5.1.2|11.5.1.3|11.5.1.4|11.5.1.5,5,TRUE
HOSPITAL,11,SE 11,Medical Care,11.5.2.1,"Policies and procedures for identified high-risk patients and procedures, which include at least items a) to k) in the intent statement, are implemented.",11.5.2.2,6,TRUE
HOSPITAL,11,SE 11,Medical Care,11.5.3.1,There is a documented process for obtaining informed consent.,11.5.3.2|11.5.3.3|11.5.3.4,7,TRUE
HOSPITAL,11,SE 11,Medical Care,11.5.4.1,The patient's initial medical assessment is documented before anaesthesia,11.5.4.2,8,TRUE
HOSPITAL,11,SE 11,Medical Care,11.5.6.1,Policies and procedures regarding end-of-life care at least including elements a) to d) in the intent statement are implemented.,11.5.6.2|11.5.6.3|11.5.6.4,9,TRUE
HOSPITAL,11,SE 11,Medical Care,11.6.1.1,"Policies and procedures that guide the safe prescribing, ordering and administration of medications are implemented.",11.6.1.2|11.6.1.3|11.6.1.4,10,TRUE
HOSPITAL,11,SE 11,Medical Care,11.9.1.1,Policies and procedures that guide the movement of patients within the organisation are implemented.,11.9.1.2|11.9.1.3|11.9.1.4,11,TRUE
HOSPITAL,11,SE 11,Medical Care,11.9.2.1,Policies and procedures that guide the movement of patients for referral to another organisation are implemented.,11.9.2.2|11.9.2.3,12,TRUE
HOSPITAL,11,SE 11,Medical Care,11.9.3.1,There is a documented process for transferring patients to other organisations.,11.9.3.2|11.9.3.3|11.9.3.4|11.9.3.5|11.9.3.6|11.9.3.7,13,TRUE
HOSPITAL,11,SE 11,Medical Care,11.9.4.1,There is a documented process to appropriately discharge patients.,11.9.4.2|11.9.4.3|11.9.4.4|11.9.4.5,14,TRUE
HOSPITAL,11,SE 11,Medical Care,11.11.1.1,There are processes that support patient and family rights during care.,11.11.1.2|11.11.1.3,15,TRUE
HOSPITAL,11,SE 11,Medical Care,11.12.1.1,The department identifies the procedures and processes associated with the risk of infection and implements strategies to reduce risk.,11.12.1.2|11.12.1.3|11.12.1.4|11.12.1.5,16,TRUE
HOSPITAL,12,SE 12,Surgical Care,12.1.2.1,The patients' clinical records are completed according to guidelines determined by the organisation.,12.1.2.2|12.1.2.3|12.1.2.4|12.1.2.5|12.1.2.6|12.1.2.7,1,TRUE
HOSPITAL,12,SE 12,Surgical Care,12.2.1.1,Patient and staff accommodation and equipment is adequate to meet patient care needs.,12.2.1.2|12.2.1.3|12.2.1.4|12.2.1.5|12.2.1.6|12.2.1.7,2,TRUE
HOSPITAL,12,SE 12,Surgical Care,12.4.1.1,The organisation implements policies and procedures for assessing patients on admission and during ongoing care.,12.4.1.2|12.4.1.3|12.4.1.4,3,TRUE
HOSPITAL,12,SE 12,Surgical Care,12.4.2.1,Each patient admitted has an initial assessment that meets organisational policy.,12.4.2.2|12.4.2.3|12.4.2.4|12.4.2.5|12.4.2.6|12.4.2.7|12.4.2.8|12.4.2.9,4,TRUE
HOSPITAL,12,SE 12,Surgical Care,12.5.1.1,The planned care is provided and noted in the patient's record.,12.5.1.2|12.5.1.3|12.5.1.4|12.5.1.5,5,TRUE
HOSPITAL,12,SE 12,Surgical Care,12.5.2.1,"Policies and procedures for identified high-risk patients and procedures, which include at least items a) to k) in the intent statement above, are implemented.",12.5.2.2,6,TRUE
HOSPITAL,12,SE 12,Surgical Care,12.5.3.1,There is a documented process for obtaining informed consent.,12.5.3.2|12.5.3.3|12.5.3.4,7,TRUE
HOSPITAL,12,SE 12,Surgical Care,12.5.4.1,The patient's initial medical assessment is documented before anaesthesia.,12.5.4.2,8,TRUE
HOSPITAL,12,SE 12,Surgical Care,12.5.6.1,"Policies and procedures regarding end-of-life care, at least including elements a) to d) in the intent statement, are implemented.",12.5.6.2|12.5.6.3|12.5.6.4,9,TRUE
HOSPITAL,12,SE 12,Surgical Care,12.6.1.1,"Policies and procedures that guide the safe prescribing, ordering and administration of medications are implemented.",12.6.1.2|12.6.1.3|12.6.1.4,10,TRUE
HOSPITAL,12,SE 12,Surgical Care,12.9.1.1,Policies and procedures that guide the movement of patients within the organisation are implemented.,12.9.1.2|12.9.1.3|12.9.1.4,11,TRUE
HOSPITAL,12,SE 12,Surgical Care,12.9.2.1,Policies and procedures that guide the movement of patients for referral to another organisation are implemented.,12.9.2.2|12.9.2.3,12,TRUE
HOSPITAL,12,SE 12,Surgical Care,12.9.3.1,There is a documented process for transferring patients to other organisations.,12.9.3.2|12.9.3.3|12.9.3.4|12.9.3.5|12.9.3.6|12.9.3.7,13,TRUE
HOSPITAL,12,SE 12,Surgical Care,12.9.4.1,There is a documented process to appropriately discharge patients.,12.9.4.2|12.9.4.3|12.9.4.4|12.9.4.5,14,TRUE
HOSPITAL,12,SE 12,Surgical Care,12.11.1.1,There are processes that support patient and family rights during care.,12.11.1.2|12.11.1.3,15,TRUE
HOSPITAL,12,SE 12,Surgical Care,12.12.1.1,The department identifies the procedures and processes associated with the risk of infection and implements strategies to reduce risk.,12.12.1.2|12.12.1.3|12.12.1.4|12.12.1.5,16,TRUE
HOSPITAL,13,SE 13,Critical Care,13.1.2.1,The patient's clinical records are completed according to guidelines determined by the organisation.,13.1.2.2|13.1.2.3|13.1.2.4|13.1.2.5|13.1.2.6|13.1.2.7,1,TRUE
HOSPITAL,13,SE 13,Critical Care,13.2.1.1,Patient and staff accommodation and equipment is adequate to meet patient care needs.,13.2.1.2|13.2.1.3|13.2.1.4|13.2.1.5|13.2.1.6|13.2.1.7|13.2.1.8,2,TRUE
HOSPITAL,13,SE 13,Critical Care,13.4.1.1,The organisation implements policies and procedures for assessing patients on admission and during ongoing care.,13.4.1.2|13.4.1.3|13.4.1.4,3,TRUE
HOSPITAL,13,SE 13,Critical Care,13.4.2.1,Each patient admitted has an initial assessment that meets organisational policy.,13.4.2.2|13.4.2.3|13.4.2.4|13.4.2.5|13.4.2.6|13.4.2.7|13.4.2.8|13.4.2.9,4,TRUE
HOSPITAL,13,SE 13,Critical Care,13.5.1.1,The planned care is provided and noted in the patient's record.,13.5.1.2|13.5.1.3|13.5.1.4|13.5.1.5,5,TRUE
HOSPITAL,13,SE 13,Critical Care,13.5.2.1,"Policies and procedures for identified high-risk patients and procedures, which include at least items a) to l) in the intent statement above, are implemented.",13.5.2.2,6,TRUE
HOSPITAL,13,SE 13,Critical Care,13.5.3.1,There is a documented process for obtaining informed consent.,13.5.3.2|13.5.3.3|13.5.3.4,7,TRUE
HOSPITAL,13,SE 13,Critical Care,13.5.4.1,The patient's initial medical assessment is documented before anaesthesia.,13.5.4.2,8,TRUE
HOSPITAL,13,SE 13,Critical Care,13.5.6.1,"Policies and procedures regarding end-of-life care, at least including elements a) to d) in the intent statement, are implemented.",13.5.6.2|13.5.6.3|13.5.6.4,9,TRUE
HOSPITAL,13,SE 13,Critical Care,13.6.1.1,"Policies and procedures that guide the safe prescribing, ordering, storage and administration of medications are implemented.",13.6.1.2|13.6.1.3|13.6.1.4,10,TRUE
HOSPITAL,13,SE 13,Critical Care,13.9.1.1,Established criteria or policies and procedures that guide the movement of patients within the organisation are implemented.,13.9.1.2|13.9.1.3|13.9.1.4,11,TRUE
HOSPITAL,13,SE 13,Critical Care,13.9.2.1,There is a documented process for transferring patients to other organisations.,13.9.2.2|13.9.2.3|13.9.2.4|13.9.2.5|13.9.2.6|13.9.2.7,12,TRUE
HOSPITAL,13,SE 13,Critical Care,13.11.1.1,There are processes that support patient and family rights during care.,13.11.1.2|13.11.1.3,13,TRUE
HOSPITAL,13,SE 13,Critical Care,13.12.1.1,The department identifies the procedures and processes associated with the risk of infection and implements strategies to reduce risk.,13.12.1.2|13.12.1.3|13.12.1.4|13.12.1.5,14,TRUE
HOSPITAL,14,SE 14,Obstetric and Maternity Care,14.1.2.1,The patient's clinical records are completed according to guidelines determined by the organisation.,14.1.2.2|14.1.2.3|14.1.2.4|14.1.2.5|14.1.2.6|14.1.2.7,1,TRUE
HOSPITAL,14,SE 14,Obstetric and Maternity Care,14.2.1.1,Patient and staff accommodation and equipment is adequate to meet patient care needs.,14.2.1.2|14.2.1.3|14.2.1.4|14.2.1.5|14.2.1.6|14.2.1.7|14.2.1.8,2,TRUE
HOSPITAL,14,SE 14,Obstetric and Maternity Care,14.4.1.1,The organisation implements policies and procedures for assessing patients on admission and during ongoing care.,14.4.1.2|14.4.1.3|14.4.1.4,3,TRUE
HOSPITAL,14,SE 14,Obstetric and Maternity Care,14.4.2.1,Each patient admitted has an initial assessment that meets organisational policy.,14.4.2.2|14.4.2.3|14.4.2.4|14.4.2.5|14.4.2.6|14.4.2.7|14.4.2.8|14.4.2.9|14.4.2.10|14.4.2.11,4,TRUE
HOSPITAL,14,SE 14,Obstetric and Maternity Care,14.5.1.1,The planned care is provided and noted in the patient's record.,14.5.1.2|14.5.1.3|14.5.1.4|14.5.1.5|14.5.1.6,5,TRUE
HOSPITAL,14,SE 14,Obstetric and Maternity Care,14.5.2.1,"Policies and procedures for identified high-risk patients and procedures, which include at least items a) to l) in the intent statement above, are implemented.",14.5.2.2,6,TRUE
HOSPITAL,14,SE 14,Obstetric and Maternity Care,14.5.3.1,There is a documented process for obtaining informed consent.,14.5.3.2|14.5.3.3|14.5.3.4,7,TRUE
HOSPITAL,14,SE 14,Obstetric and Maternity Care,14.5.4.1,The patient's initial medical assessment is documented before anaesthesia.,14.5.4.2,8,TRUE
HOSPITAL,14,SE 14,Obstetric and Maternity Care,14.5.6.1,"Policies and procedures regarding end-of-life care, at least including elements a) to d) in the intent statement, are implemented.",14.5.6.2|14.5.6.3|14.5.6.4,9,TRUE
HOSPITAL,14,SE 14,Obstetric and Maternity Care,14.6.1.1,"Policies and procedures that guide the safe prescribing, ordering, storage and administration of medications are implemented.",14.6.1.2|14.6.1.3|14.6.1.4,10,TRUE
HOSPITAL,14,SE 14,Obstetric and Maternity Care,14.9.1.1,Policies and procedures that guide the movement of patients within the organisation are implemented.,14.9.1.2|14.9.1.3|14.9.1.4,11,TRUE
HOSPITAL,14,SE 14,Obstetric and Maternity Care,14.9.2.1,Policies and procedures that guide the movement of patients for referral to another organisation are implemented.,14.9.2.2|14.9.2.3,12,TRUE
HOSPITAL,14,SE 14,Obstetric and Maternity Care,14.9.3.1,There is a documented process for transferring patients to other organisations.,14.9.3.1|14.9.3.2|14.9.3.3|14.9.3.4|14.9.3.5|14.9.3.6|14.9.3.7,13,TRUE
HOSPITAL,14,SE 14,Obstetric and Maternity Care,14.9.4.1,There is a documented process to appropriately discharge patients,14.9.4.1|14.9.4.2|14.9.4.3|14.9.4.4|14.9.4.5,14,TRUE
HOSPITAL,14,SE 14,Obstetric and Maternity Care,14.11.1.1,There are processes that support patient and family rights during care.,14.11.1.2|14.11.1.3,15,TRUE
HOSPITAL,14,SE 14,Obstetric and Maternity Care,14.12.1.1,The department identifies the procedures and processes associated with the risk of infection and implements strategies to reduce risk.,14.12.1.2|14.12.1.3|14.12.1.4|14.12.1.5,16,TRUE
HOSPITAL,15,SE 15,Psychiatric Care,15.1.2.1,The patient's clinical records are completed according to guidelines determined by the organisation.,15.1.2.2|15.1.2.3|15.1.2.4|15.1.2.5|15.1.2.6|15.1.2.7,1,TRUE
HOSPITAL,15,SE 15,Psychiatric Care,15.2.1.1,Patient and staff accommodation and equipment is adequate to meet patient care needs.,15.2.1.2|15.2.1.3|15.2.1.4|15.2.1.5|15.2.1.6|15.2.1.7|15.2.1.8,2,TRUE
HOSPITAL,15,SE 15,Psychiatric Care,15.4.1.1,The organisation implements policies and procedures for assessing patients on admission and during ongoing care.,15.4.1.2|15.4.1.3|15.4.1.4,3,TRUE
HOSPITAL,15,SE 15,Psychiatric Care,15.4.2.1,Each patient admitted has an initial assessment that meets organisational policy.,15.4.2.2|15.4.2.3|15.4.2.4|15.4.2.5|15.4.2.6|15.4.2.7|15.4.2.8|15.4.2.9,4,TRUE
HOSPITAL,15,SE 15,Psychiatric Care,15.5.1.1,The planned care is provided and noted in the patient's record.,15.5.1.2|15.5.1.3|15.5.1.4|15.5.1.5,5,TRUE
HOSPITAL,15,SE 15,Psychiatric Care,15.5.2.1,"Policies and procedures for identified high-risk patients and procedures, which include at least items a) to m) in the intent statement above, are implemented.",15.5.2.2,6,TRUE
HOSPITAL,15,SE 15,Psychiatric Care,15.5.3.1,There is a documented process for obtaining informed consent.,15.5.3.2|15.5.3.3|15.5.3.4,7,TRUE
HOSPITAL,15,SE 15,Psychiatric Care,15.5.5.1,The patient's initial medical assessment is documented before anaesthesia.,15.5.5.2|15.5.5.3,8,TRUE
HOSPITAL,15,SE 15,Psychiatric Care,15.5.7.1,"Policies and procedures regarding end-of-life care, at least including elements a) to d) in the intent statement, are implemented.",15.5.7.2|15.5.7.3|15.5.7.4,9,TRUE
HOSPITAL,15,SE 15,Psychiatric Care,15.6.1.1,"Policies and procedures that guide the safe prescribing, ordering, storage and administration of medications are implemented.",15.6.1.2|15.6.1.3|15.6.1.4,10,TRUE
HOSPITAL,15,SE 15,Psychiatric Care,15.9.1.1,Policies and procedures that guide the movement of patients within the organisation are implemented.,15.9.1.2|15.9.1.3|15.9.1.4|15.9.1.5,11,TRUE
HOSPITAL,15,SE 15,Psychiatric Care,15.9.2.1,Policies and procedures that guide the movement of patients for referral to another organisation are implemented.,15.9.2.2|15.9.2.3,12,TRUE
HOSPITAL,15,SE 15,Psychiatric Care,15.9.3.1,There is a documented process for transferring patients to other organisations.,15.9.3.2|15.9.3.3|15.9.3.4|15.9.3.5|15.9.3.6|15.9.3.7,13,TRUE
HOSPITAL,15,SE 15,Psychiatric Care,15.9.4.1,There is a documented process to appropriately discharge patients,15.9.4.2|15.9.4.3|15.9.4.4|15.9.4.5,14,TRUE
HOSPITAL,15,SE 15,Psychiatric Care,15.12.1.1,There are processes that support patient and family rights during care.,15.12.1.2|15.12.1.3|15.13.1.1,15,TRUE
HOSPITAL,15,SE 15,Psychiatric Care,15.13.1.1,The department identifies the procedures and processes associated with the risk of infection and implements strategies to reduce risk.,15.12.1.2|15.11.1.3|15.11.1.4|15.12.1.5,16,TRUE
HOSPITAL,16,SE 16,Paediatric Care,16.1.2.1,The patients' clinical records are completed according to guidelines determined by the organisation.,16.1.2.2|16.1.2.3|16.1.2.4|16.1.2.5|16.1.2.6|16.1.2.7,1,TRUE
HOSPITAL,16,SE 16,Paediatric Care,16.2.1.1,Patient and staff accommodation and equipment is adequate to meet patient care needs.,16.2.1.2|16.2.1.3|16.2.1.4|16.2.1.5|16.2.1.6|16.2.1.7|16.2.1.8,2,TRUE
HOSPITAL,16,SE 16,Paediatric Care,16.4.1.1,The organisation implements policies and procedures for assessing patients on admission and during ongoing care.,16.4.1.2|16.4.1.3|16.4.1.4,3,TRUE
HOSPITAL,16,SE 16,Paediatric Care,16.4.2.1,Each patient admitted has an initial assessment that meets organisational policy.,16.4.2.2|16.4.2.3|16.4.2.4|16.4.2.5|16.4.2.6|16.4.2.7|16.4.2.8|16.4.2.9,4,TRUE
HOSPITAL,16,SE 16,Paediatric Care,16.5.1.1,The planned care is provided and noted in the patient's record.,16.5.1.2|16.5.1.3|16.5.1.4|16.5.1.5,5,TRUE
HOSPITAL,16,SE 16,Paediatric Care,16.5.2.1,"Policies and procedures for identified high-risk patients and procedures, which include at least items a) to j) in the intent statement above, are implemented.",16.5.2.2,6,TRUE
HOSPITAL,16,SE 16,Paediatric Care,16.5.3.1,There is a documented process for obtaining informed consent.,16.5.3.2|16.5.3.3|16.5.3.4,7,TRUE
HOSPITAL,16,SE 16,Paediatric Care,16.5.4.1,The patient's initial medical assessment is documented before anaesthesia.,16.5.4.2,8,TRUE
HOSPITAL,16,SE 16,Paediatric Care,16.5.6.1,"Policies and procedures regarding end-of-life care, at least including elements a) to d) in the intent statement, are implemented.",16.5.6.2|16.5.6.3|16.5.6.4,9,TRUE
HOSPITAL,16,SE 16,Paediatric Care,16.6.1.1,"Policies and procedures that guide the safe prescribing, ordering and administration of medications are implemented.",16.6.1.2|16.6.1.3|16.6.1.4,10,TRUE
HOSPITAL,16,SE 16,Paediatric Care,16.9.1.1,Policies and procedures that guide the movement of patients within the organisation are implemented.,16.9.1.2|16.9.1.3|16.9.1.4,11,TRUE
HOSPITAL,16,SE 16,Paediatric Care,16.9.2.1,Policies and procedures that guide the movement of patients for referral to another organisation are implemented.,16.9.2.2|16.9.2.3,12,TRUE
HOSPITAL,16,SE 16,Paediatric Care,16.9.3.1,There is a documented process for transferring patients to other organisations.,16.9.3.2|16.9.3.3|16.9.3.4|16.9.3.5|16.9.3.6|16.9.3.7,13,TRUE
HOSPITAL,16,SE 16,Paediatric Care,16.9.4.1,There is a documented process to appropriately discharge patients.,16.9.4.2|16.9.4.3|16.9.4.4|16.9.4.5,14,TRUE
HOSPITAL,16,SE 16,Paediatric Care,16.11.1.1,There are processes that support patient and family rights during care.,16.11.1.2|16.11.1.3,15,TRUE
HOSPITAL,16,SE 16,Paediatric Care,16.12.1.1,The department identifies the procedures and processes associated with the risk of infection and implements strategies to reduce risk.,16.12.1.2|16.12.1.3|16.12.1.4|16.12.1.5,16,TRUE
HOSPITAL,17,SE 17,Theatre and Anaesthetic Services,17.2.1.1,"The design of the operating theatre complex provides space for the reception, anaesthesia, surgery, recovery and observation of patients.",17.2.1.2|17.2.1.3|17.2.1.4|17.2.1.5|17.2.1.6|17.2.1.7|17.2.1.8|17.2.1.9|17.2.1.10,1,TRUE
HOSPITAL,17,SE 17,Theatre and Anaesthetic Services,17.2.3.1,Emergency resuscitation equipment is available and functional.,17.2.3.2,2,TRUE
HOSPITAL,17,SE 17,Theatre and Anaesthetic Services,17.4.1.1,Written policies and procedures that guide the activities of the theatre and anaesthetic services are implemented.,17.4.1.2|17.4.1.3|17.4.1.4|17.4.1.5|17.4.1.6|17.4.1.7,3,TRUE
HOSPITAL,17,SE 17,Theatre and Anaesthetic Services,17.4.4.1,Policies and procedures that address at least elements a) to f) of the intent statement regarding the care of patients undergoing moderate and deep sedation are implemented.,17.4.4.2|17.4.4.3|17.4.4.4,4,TRUE
HOSPITAL,17,SE 17,Theatre and Anaesthetic Services,17.5.1.1,Patients have an anaesthetic assessment performed before the administration of anaesthesia.,17.5.1.2|17.5.1.3|17.5.1.4,5,TRUE
HOSPITAL,17,SE 17,Theatre and Anaesthetic Services,17.5.2.1,The patient's physiological status is continuously monitored during the anaesthesia and surgery.,17.5.2.2|17.5.2.3,6,TRUE
HOSPITAL,17,SE 17,Theatre and Anaesthetic Services,17.5.3.2,Monitoring is appropriate to the patient's condition during the post-anaesthetic recovery period.,17.5.3.3|17.5.3.4|17.5.3.5|17.5.3.6|17.5.3.7|17.5.3.8,7,TRUE
HOSPITAL,17,SE 17,Theatre and Anaesthetic Services,17.7.1.1,There are processes that support patient and family rights during care.,17.7.1.2|17.7.1.3,8,TRUE
HOSPITAL,17,SE 17,Theatre and Anaesthetic Services,17.8.1.1,"The department identifies the procedures and processes associated with the risk of infection, and implements strategies to reduce risk.",17.8.1.2|17.8.1.3|17.8.1.4|17.8.1.5,9,TRUE
HOSPITAL,18,SE 18,Nuclear Medicine Service,18.1.1.1,Nuclear medicine services are under the direction of one or more qualified individuals,18.1.1.2|18.1.1.3|18.1.1.4|18.1.1.5|18.1.1.6|18.1.1.7|18.1.1.8|18.1.1.9,1,TRUE
HOSPITAL,18,SE 18,Nuclear Medicine Service,18.2.1.1,"Adequate, convenient and regular nuclear medicine services are available to meet needs.",18.2.1.2|18.2.1.3|18.2.1.4|18.2.1.5|18.2.1.6|18.2.1.7|18.2.1.8,2,TRUE
HOSPITAL,18,SE 18,Nuclear Medicine Service,18.3.1.1,A radiation safety programme is in place and is appropriate to the risks and hazards encountered.,18.3.1.2|18.3.1.3|18.3.1.4|18.3.1.5|18.3.1.6|18.3.1.7|18.3.1.8,3,TRUE
HOSPITAL,18,SE 18,Nuclear Medicine Service,18.3.2.1,"Written policies and procedures that address compliance with applicable standards, laws and regulations are implemented.",18.3.2.2|18.3.2.3|18.3.2.4|18.3.2.5|18.3.2.6|18.3.2.7|18.3.2.8|18.3.2.9|18.3.2.10|18.3.2.11|18.3.2.12|18.3.2.13|18.3.2.14|18.3.2.15,4,TRUE
HOSPITAL,18,SE 18,Nuclear Medicine Service,18.3.4.1,Facilities ensure that radiation to staff is kept as low as possible.,18.3.4.2|18.3.4.3|18.3.4.4|18.3.4.5|18.3.4.6|18.3.4.7|18.3.4.8|18.3.4.9|18.3.4.10,5,TRUE
HOSPITAL,18,SE 18,Nuclear Medicine Service,18.4.1.1,Examinations are performed only upon a formal request from a medical practitioner.,18.4.1.2,6,TRUE
HOSPITAL,18,SE 18,Nuclear Medicine Service,18.4.1.5,Tests are interpreted by appropriately trained and experienced staff.,18.4.1.6|18.4.1.7,7,TRUE
HOSPITAL,18,SE 18,Nuclear Medicine Service,18.6.1.1,There are processes which support patient and family rights during care.,18.6.1.2|18.6.1.3,8,TRUE
HOSPITAL,18,SE 18,Nuclear Medicine Service,18.7.1.1,"The department identifies the procedures and processes associated with the risk of infection, and implements strategies to reduce risk.",18.7.1.2,9,TRUE
HOSPITAL,19,SE 19,Laboratory Service,19.1.1.1,"Adequate, convenient and regular laboratory services are available to meet the organisation's needs.",19.1.1.2|19.1.1.3|19.1.1.4,1,TRUE
HOSPITAL,19,SE 19,Laboratory Service,19.1.2.1,The laboratory is under the direction of a qualified individual.,19.1.2.2|19.1.2.3|19.1.2.4|19.1.2.5|19.1.2.6,2,TRUE
HOSPITAL,19,SE 19,Laboratory Service,19.1.4.1,There is a laboratory equipment management process.,19.1.4.2|19.1.4.3|19.1.4.4|19.1.4.5|19.1.4.6|19.1.4.7|19.1.4.8|19.1.4.9,3,TRUE
HOSPITAL,19,SE 19,Laboratory Service,19.2.2.1,The laboratory has national reference ranges for each test performed.,19.2.2.2|19.2.2.3|19.2.2.4,4,TRUE
HOSPITAL,19,SE 19,Laboratory Service,19.3.2.1,There is a quality control process for the clinical laboratory.,19.3.2.2|19.3.2.3|19.3.2.4|19.3.2.5|19.3.2.6|19.3.2.7|19.3.2.8,5,TRUE
HOSPITAL,19,SE 19,Laboratory Service,19.4.1.1,There are processes that support patient and family rights during care.,19.4.1.2|19.4.1.3,6,TRUE
HOSPITAL,19,SE 19,Laboratory Service,19.5.1.1,The department identifies the procedures and processes associated with the risk of infection and implements strategies to reduce risk.,19.5.1.2,7,TRUE
HOSPITAL,20,SE 20,Radiology and Diagnostic Imaging Service,20.1.1.1,"An adequate, convenient and regular radiology and diagnostic imaging service is available to meet patient needs.",20.1.1.2|20.1.1.3|20.1.1.4,1,TRUE
HOSPITAL,20,SE 20,Radiology and Diagnostic Imaging Service,20.1.2.1,"A registered radiologist or radiographer, who is appropriately experienced, manages the radiology and diagnostic imaging service.",20.1.2.2|20.1.2.3|20.1.2.4|20.1.2.5,2,TRUE
HOSPITAL,20,SE 20,Radiology and Diagnostic Imaging Service,20.2.2.1,"Written policies and procedures that address compliance with applicable standards, laws and regulations are implemented.",20.2.2.2|20.2.2.3|20.2.2.4|20.2.2.5|20.2.2.6,3,TRUE
HOSPITAL,20,SE 20,Radiology and Diagnostic Imaging Service,20.3.2.1,There is a quality control process for the radiology and diagnostic imaging service and it is implemented.,20.3.2.2|20.3.2.3|20.3.2.4|20.3.2.5|20.3.2.6,4,TRUE
HOSPITAL,20,SE 20,Radiology and Diagnostic Imaging Service,20.4.1.1,There are processes which support patient and family rights during care.,20.4.1.2|20.4.1.3,5,TRUE
HOSPITAL,20,SE 20,Radiology and Diagnostic Imaging Service,20.5.1.1,The department identifies the procedures and processes associated with the risk of infection and implements strategies to reduce risk.,20.5.1.2|20.5.1.3|20.5.1.4,6,TRUE
HOSPITAL,21,SE 21,Pharmaceutical Service,21.3.1.1,"Policies and procedures, which include at least those from a) to o) in the intent above, are developed and implemented.",21.3.1.2,1,TRUE
HOSPITAL,21,SE 21,Pharmaceutical Service,21.7.1.1,There are processes that support patient and family rights during care.,21.7.1.2|21.7.1.3,2,TRUE
HOSPITAL,21,SE 21,Pharmaceutical Service,21.8.1.1,The department identifies the procedures and processes associated with the risk of infection and implements strategies to reduce risk.,21.8.1.2|21.8.1.3|21.8.1.4,3,TRUE
HOSPITAL,22,SE 22,Emergency Care,22.1.2.1,The patient's clinical records are completed according to guidelines determined by the organisation.,22.1.2.2|22.1.2.3|22.1.2.4|22.1.2.5|22.1.2.6|22.1.2.7,1,TRUE
HOSPITAL,22,SE 22,Emergency Care,22.2.1.1,Patient and staff accommodation in the service is adequate to meet patient care needs.,22.2.1.2|22.2.1.3|22.2.1.4|22.2.1.5|22.2.1.6|22.2.1.7|22.2.1.8,2,TRUE
HOSPITAL,22,SE 22,Emergency Care,22.3.1.1,The organisation's policy on visitors to the emergency unit is implemented.,22.3.1.2|22.3.1.3|22.3.1.4|22.3.1.5,3,TRUE
HOSPITAL,22,SE 22,Emergency Care,22.4.1.1,A register is kept of patients attending the emergency unit,22.4.1.2|22.4.1.3,4,TRUE
HOSPITAL,22,SE 22,Emergency Care,22.5.1.1,Clinical practice guidelines relevant to the patients and services of the organisation are available to guide patient care processes.,22.5.1.2,5,TRUE
HOSPITAL,22,SE 22,Emergency Care,22.6.2.1,The organisation implements policies and procedures for assessing patients on admission and during on-going care,22.6.2.2|22.6.2.3|22.6.2.4,6,TRUE
HOSPITAL,22,SE 22,Emergency Care,22.8.1.1,There is a documented process for obtaining informed consent.,22.8.1.2|22.8.1.3|22.8.1.4,7,TRUE
HOSPITAL,22,SE 22,Emergency Care,22.9.1.1,"Policies and procedures that guide the safe prescribing, ordering, storage, dispensing and administration of medications are implemented.",22.9.1.2|22.9.1.3|22.9.1.4|22.9.1.5|22.9.2.1|22.9.2.2|22.9.2.3|22.9.2.4|22.9.2.5|22.9.2.6|22.9.2.7|22.9.3.1|22.9.3.2|22.9.3.3|22.9.3.4|22.9.3.5|22.9.3.6|22.9.3.7|22.9.3.8|22.9.3.9,8,TRUE
HOSPITAL,22,SE 22,Emergency Care,22.11.1.1,Established criteria or policies that determine the appropriateness of transfers within the organisation are implemented.,22.11.1.2|22.11.1.3|22.11.1.4,9,TRUE
HOSPITAL,22,SE 22,Emergency Care,22.11.2.1,Policies and procedures that address the holding of patients for observation are implemented.,22.11.2.2|22.11.2.3|22.11.2.4|22.11.2.5|22.11.2.6,10,TRUE
HOSPITAL,22,SE 22,Emergency Care,22.11.3.1,"There is a process, known to personnel, for admitting patients to the organisation",22.11.3.2|22.11.3.3|22.11.3.4,11,TRUE
HOSPITAL,22,SE 22,Emergency Care,22.11.4.1,Policies and procedures that guide the movement of patients for referral to another organisation are implemented.,22.11.4.2|22.11.4.3,12,TRUE
HOSPITAL,22,SE 22,Emergency Care,22.11.5.1,There is a documented process for transferring patients to other organisations for specialised and support services.,22.11.5.2|22.11.5.3|22.11.5.4|22.11.5.5|22.11.5.6|22.11.5.7|22.11.5.8,13,TRUE
HOSPITAL,22,SE 22,Emergency Care,22.11.6.1,There is a documented process to appropriately discharge patients.,22.11.6.2|22.11.6.3|22.11.6.4|22.11.6.5,14,TRUE
HOSPITAL,22,SE 22,Emergency Care,22.13.1.1,There are processes that support patient and family rights during care.,22.13.1.2|22.13.1.3|22.13.1.4,15,TRUE
HOSPITAL,22,SE 22,Emergency Care,22.14.1.1,The department identifies the procedures and processes associated with the risk of infection and implements strategies to reduce risk,22.14.1.2|22.14.1.3|22.14.1.4|22.14.1.5,16,TRUE
HOSPITAL,23,SE 23,Outpatient Care,23.1.1.4,During the hours of operation there is an adequate number of qualified professionals available to provide continuous cover to all sections at all times,23.1.1.5|23.1.1.6|23.1.1.7,1,TRUE
HOSPITAL,23,SE 23,Outpatient Care,23.1.2.1,The patient's clinical records are completed according to guidelines determined by the organisation.,23.1.2.2|23.1.2.3|23.1.2.4|23.1.2.5|23.1.2.6|23.1.2.7,2,TRUE
HOSPITAL,23,SE 23,Outpatient Care,23.2.1.1,Patient and staff accommodation in the service is adequate to meet patient care needs.,23.2.1.2|23.2.1.3|23.2.1.4|23.2.1.5|23.2.1.6|23.2.1.7|23.2.1.8,3,TRUE
HOSPITAL,23,SE 23,Outpatient Care,23.4.1.1,The organisation implements policies and procedures for assessing patients on admission and during on-going care,23.4.1.2|23.4.1.3|23.4.1.4,4,TRUE
HOSPITAL,23,SE 23,Outpatient Care,23.6.1.1,There is a documented process for obtaining informed consent.,23.6.1.2|23.6.1.3|23.6.1.4,5,TRUE
HOSPITAL,23,SE 23,Outpatient Care,23.7.1.1,"Policies and procedures that guide the safe prescribing, ordering, storage, dispensing and administration of medications are implemented.",23.7.1.2|23.7.1.3|23.7.1.4|23.7.2.1|23.7.2.2|23.7.2.3|23.7.2.4|23.7.2.5|23.7.2.6|23.7.2.7|23.7.2.8|23.7.3.1|23.7.3.2|23.7.3.3|23.7.3.4|23.7.3.5|23.7.3.6|23.7.3.7|23.7.3.8|23.7.3.9,6,TRUE
HOSPITAL,23,SE 23,Outpatient Care,23.9.1.1,Established criteria or policies that determine the appropriateness of transfers within the organisation are implemented.,23.9.1.2|23.9.1.3|23.9.1.4,7,TRUE
HOSPITAL,23,SE 23,Outpatient Care,23.9.2.1,"There is a process, known to staff, for admitting patients to the organisation.",23.9.2.2|23.9.2.3|23.9.2.4,8,TRUE
HOSPITAL,23,SE 23,Outpatient Care,23.9.3.1,Policies and procedures that guide the movement of patients for referral to another organisation are implemented.,23.9.3.2|23.9.2.3,9,TRUE
HOSPITAL,23,SE 23,Outpatient Care,23.9.4.1,There is a documented process for transferring patients to other organisations.,23.9.4.2|23.9.4.3|23.9.4.4|23.9.4.6|23.9.3.5|23.9.4.7,10,TRUE
HOSPITAL,23,SE 23,Outpatient Care,23.9.5.1,There is a documented process to appropriately discharge patients.,23.9.5.2|23.9.5.3|23.9.5.4|23.9.5.5,11,TRUE
HOSPITAL,23,SE 23,Outpatient Care,23.11.1.1,There are processes that support patient and family rights during care.,23.11.1.2|23.11.1.3,12,TRUE
HOSPITAL,23,SE 23,Outpatient Care,23.12.1.1,The department identifies the procedures and processes associated with the risk of infection and implements strategies to reduce risk.,23.12.1.2|23.12.1.3|23.12.1.4|23.12.1.5,13,TRUE
HOSPITAL,24,SE 24,Combined Outpatient and Emergency Care,24.1.1.4,During the hours of operation there is an adequate number of qualified professionals available to provide continuous cover to all sections at all times.,24.1.15|24.1.1.6|24.1.1.7,1,TRUE
HOSPITAL,24,SE 24,Combined Outpatient and Emergency Care,24.1.2.1,The patient's clinical records are completed according to guidelines determined by the organisation.,24.1.2.2|24.1.2.3|24.1.2.4|24.1.2.5|24.1.2.6|24.1.2.7,2,TRUE
HOSPITAL,24,SE 24,Combined Outpatient and Emergency Care,24.2.1.1,Patient and staff accommodation in the service is adequate to meet patient care needs.,24.2.1.2|24.2.1.3|24.2.1.4|24.2.1.5|24.2.1.6|24.2.1.7|24.2.1.8,3,TRUE
HOSPITAL,24,SE 24,Combined Outpatient and Emergency Care,24.3.1.1,The organisation's policy on visitors to the emergency unit is implemented.,24.3.1.2|24.3.1.3|24.3.1.4|24.3.1.5,4,TRUE
HOSPITAL,24,SE 24,Combined Outpatient and Emergency Care,24.4.1.1,A register is kept of patients attending the emergency unit,24.4.1.2|24.4.1.3,5,TRUE
HOSPITAL,24,SE 24,Combined Outpatient and Emergency Care,24.5.1.1,Clinical practice guidelines relevant to the patients and services of the organisation are available to guide patient care processes.,24.5.1.2,6,TRUE
HOSPITAL,24,SE 24,Combined Outpatient and Emergency Care,24.6.2.1,The organisation implements policies and procedures for assessing patients on admission and during on-going care,24.6.2.2|24.6.2.3|24.6.2.4,7,TRUE
HOSPITAL,24,SE 24,Combined Outpatient and Emergency Care,24.8.1.1,There is a documented process for obtaining informed consent.,24.8.1.2|24.8.1.3|24.8.1.4|24.8.1.5,8,TRUE
HOSPITAL,24,SE 24,Combined Outpatient and Emergency Care,24.9.1.1,"Policies and procedures that guide the safe prescribing, ordering, storage, dispensing and administration of medications are implemented.",24.9.1.2|24.9.1.3|24.9.1.4|24.9.1.5|24.9.2.1|24.9.2.2|24.9.2.3|24.9.2.4|24.9.2.5|24.9.2.6|24.9.2.7|24.9.2.8|24.9.3.1|24.9.3.2|24.9.3.3|24.9.3.4|24.9.3.5|24.9.3.6|24.9.3.7|24.9.3.8|24.9.3.9,9,TRUE
HOSPITAL,24,SE 24,Combined Outpatient and Emergency Care,24.11.1.1,Established criteria or policies that determine the appropriateness of transfers within the organisation are implemented.,24.11.1.2|24.11.1.3|24.11.1.4,10,TRUE
HOSPITAL,24,SE 24,Combined Outpatient and Emergency Care,24.11.2.1,Policies and procedures that address the holding of patients for observation are implemented.,24.11.2.2|24.11.2.3|24.11.2.4|24.11.2.5|24.11.2.6,11,TRUE
HOSPITAL,24,SE 24,Combined Outpatient and Emergency Care,24.11.3.1,"There is a process, known to personnel, for admitting patients to the organisation",24.11.3.2|24.11.3.3|24.11.3.4,12,TRUE
HOSPITAL,24,SE 24,Combined Outpatient and Emergency Care,24.11.4.1,Policies and procedures that guide the movement of patients for referral to another organisation are implemented.,24.11.4.2|24.11.4.3,13,TRUE
HOSPITAL,24,SE 24,Combined Outpatient and Emergency Care,24.11.5.1,There is a documented process for transferring patients to other organisations,24.11.5.2|24.11.5.3|24.11.5.4|24.11.5.5|24.11.5.6|24.11.5.7|24.11.5.8,14,TRUE
HOSPITAL,24,SE 24,Combined Outpatient and Emergency Care,24.11.6.1,There is a documented process to appropriately discharge patients.,24.11.6.2|24.11.6.3|24.11.6.4|24.11.6.5,15,TRUE
HOSPITAL,24,SE 24,Combined Outpatient and Emergency Care,24.13.1.1,There are processes that support patient and family rights during care.,24.13.1.2|24.13.1.3,16,TRUE
HOSPITAL,24,SE 24,Combined Outpatient and Emergency Care,24.14.1.1,The department identifies the procedures and processes associated with the risk of infection and implements strategies to reduce risk,24.14.1.2|24.14.1.3|24.14.1.4|24.14.1.5,17,TRUE
HOSPITAL,25,SE 25,Sterilising and Disinfecting Unit,25.2.1.1,The design of the sterilising and disinfecting unit and the layout of equipment ensure flow of work from the soiled to the clean side of the unit.,25.2.1.2|25.2.1.3|25.2.1.4|25.2.1.5,1,TRUE
HOSPITAL,25,SE 25,Sterilising and Disinfecting Unit,25.4.1.1,The department identifies the procedures and processes associated with the risk of infection and implements strategies to reduce risk.,25.4.1.2|25.4.1.3|25.4.1.4,2,TRUE
HOSPITAL,26,SE 26,Food Service,26.2.1.1,The food service area meets health and safety regulations,26.2.1.2|26.2.1.3|26.2.1.4|26.2.1.5|26.2.1.6,1,TRUE
HOSPITAL,26,SE 26,Food Service,26.2.2.2,"There are adequate, suitable and conveniently placed change rooms, toilets and ablution facilities for food handlers.",26.2.2.3|26.2.2.4,2,TRUE
HOSPITAL,26,SE 26,Food Service,26.3.1.1,"The departmental manager ensures the availability and implementation of policies and procedures, which address at least items a) to g) in the intent above.",26.3.1.2|26.3.1.3|26.3.1.4,3,TRUE
HOSPITAL,26,SE 26,Food Service,26.4.1.1,A suitably qualified person advises on meal development.,26.4.1.2|26.4.1.3|26.4.1.4|26.4.1.5|26.4.1.6|26.4.1.7|26.4.1.8,4,TRUE
HOSPITAL,26,SE 26,Food Service,26.5.3.3,"The management ensures that the storage of food in dry storage, refrigerators and freezers complies with food hygiene regulations.",26.5.3.4|26.5.3.5|26.5.3.6|26.5.3.7|26.5.3.8|26.5.3.9,5,TRUE
HOSPITAL,26,SE 26,Food Service,26.7.1.1,There are processes that support patient and family rights related to nutrition.,26.7.1.2,6,TRUE
HOSPITAL,26,SE 26,Food Service,26.8.1.1,The department identifies the procedures and processes associated with the risk of infection and implements strategies to reduce risk.,26.8.1.2|26.8.1.3,7,TRUE
HOSPITAL,27,SE 27,Linen Management,27.2.1.1,The space in the laundry is adequate to deal with the calculated or estimated dry weight of articles to be processed and the type of washing equipment.,27.2.1.2|27.2.1.3|27.2.1.5|27.2.1.6|27.2.1.7|27.2.1.8|27.2.1.10|27.2.1.11,1,TRUE
HOSPITAL,27,SE 27,Linen Management,27.3.1.1,"The departmental manager ensures that policies and procedures, which address at least items a) to j) in the intent above, are available to guide the department.",27.3.1.2|27.3.1.3|27.3.1.4,2,TRUE
HOSPITAL,27,SE 27,Linen Management,27.5.1.1,There are processes that support patient and family rights related to bed-linen provision for comfort.,27.5.1.2,3,TRUE
HOSPITAL,27,SE 27,Linen Management,27.6.1.1,The department identifies the procedures and processes associated with the risk of infection and implements strategies to reduce risk.,27.6.1.2|27.6.1.3|27.6.1.4,4,TRUE
HOSPITAL,28,SE 28,Housekeeping Service,28.2.1.1,Secure storage areas and well-maintained equipment are available to the housekeeping personnel.,28.2.1.2|28.2.1.3|28.2.1.4|28.2.1.7,1,TRUE
HOSPITAL,28,SE 28,Housekeeping Service,28.3.1.1,"The departmental manager ensures that policies and procedures, which address at least items a) to g) in the intent above, are available to guide the department.",28.3.1.2|28.3.1.3|28.3.1.4,2,TRUE
HOSPITAL,28,SE 28,Housekeeping Service,28.4.1.1,Waste is segregated in accordance with documented controls.,28.4.1.2|28.4.1.3|28.4.1.4,3,TRUE
HOSPITAL,28,SE 28,Housekeeping Service,28.6.1.1,There are processes that support patient and family rights related to a safe and clean environment.,28.6.1.2,4,TRUE
HOSPITAL,28,SE 28,Housekeeping Service,28.7.1.1,The department identifies the procedures and processes associated with the risk of infection and implements strategies to reduce risk.,28.7.1.2|28.7.1.3|28.7.1.4|28.7.1.5,5,TRUE
HOSPITAL,29,SE 29,Maintenance Service,29.2.1.1,The facility has a documented preventive maintenance management programme or systems in place.,29.2.1.2|29.2.1.3|29.2.1.4|29.2.1.5|29.2.1.6|29.2.1.7,1,TRUE
HOSPITAL,29,SE 29,Maintenance Service,29.2.2.1,"Medical gases (oxygen, nitrous oxide and medical air) supplies are available according to the operational requirements of the institution.",29.2.2.2|29.2.2.3|29.2.2.4|29.2.2.5|29.2.2.6,2,TRUE
HOSPITAL,29,SE 29,Maintenance Service,29.5.1.1,Infection control processes include prevention of infection by using appropriate protective clothing in high risk clinical areas.,29.5.1.2|29.5.1.3,3,TRUE
HOSPITAL,30,SE 30,Resuscitation System,30.1.1.1,The organisation establishes a Resuscitation Committee to advice on the required resuscitation equipment and procedures.,30.1.1.2|30.1.1.4|30.1.1.6|30.1.1.7|30.1.1.8|30.1.1.9,1,TRUE
HOSPITAL,30,SE 30,Resuscitation System,30.3.1.1,The Resuscitation Committee develops a continuing education strategy to ensure that all personnel in the organisation are trained in cardio-pulmonary resuscitation.,30.3.1.2|30.3.1.3|30.3.1.4|30.3.1.5|30.3.1.6,2,TRUE
HOSPITAL,31,SE 31,Medical Equipment Management Service,31.1.1.3,A Multidisciplinary advisory committee is appointed to represent managers and clinical and technical personnel involved in the management and use of medical equipment.,31.1.1.4|31.1.1.5|31.1.1.6|31.1.1.7,1,TRUE
HOSPITAL,31,SE 31,Medical Equipment Management Service,31.4.1.1,Clinical engineering personnel implement risk management processes in terms of the organisational risk management systems,31.4.1.2|31.4.1.3|31.4.1.4|31.4.1.5|31.4.1.6|31.4.1.7,2,TRUE
HOSPITAL,31,SE 31,Medical Equipment Management Service,31.6.1.1,The department identifies the procedures and processes associated with the risk of infection and implements strategies to reduce risk.,31.6.1.2|31.6.1.3,3,TRUE
HOSPITAL,32,SE 32,Physiotherapy Service,32.2.1.1,There is adequate space for physiotherapists to treat patients effectively.,32.2.1.3|32.2.1.4,1,TRUE
HOSPITAL,32,SE 32,Physiotherapy Service,32.3.1.1,Policies and procedures that guide the personnel in the management and clinical aspects of the physiotherapy service are available and implemented.,32.3.1.2|32.3.1.3|32.3.1.4,2,TRUE
HOSPITAL,32,SE 32,Physiotherapy Service,32.4.1.1,There is a multidisciplinary/interdisciplinary approach to the development and implementation of a therapeutic programme.,32.4.1.2|32.4.1.3|32.4.1.4|32.4.1.5|32.4.1.6,3,TRUE
HOSPITAL,32,SE 32,Physiotherapy Service,32.5.1.1,Patients and families indicate that they have been informed about participation in the care process.,32.5.1.2|32.5.1.3|32.5.1.4|32.5.1.5,4,TRUE
HOSPITAL,32,SE 32,Physiotherapy Service,32.7.1.1,There are processes that support patient and family rights during care.,32.7.1.2|32.7.1.3,5,TRUE
HOSPITAL,32,SE 32,Physiotherapy Service,32.8.1.1,The department identifies the procedures and processes associated with the risk of infection and implements strategies to reduce risk.,32.8.1.2|32.8.1.3,6,TRUE
HOSPITAL,33,SE 33,Occupational Therapy Service,33.2.1.1,There is adequate space for occupational therapists to treat patients effectively.,33.2.1.3|33.2.1.4,1,TRUE
HOSPITAL,33,SE 33,Occupational Therapy Service,33.3.1.1,Policies and procedures are available to guide the personnel in the management and clinical aspects of the occupational therapy service.,33.3.1.2|33.3.1.3|33.3.1.4,2,TRUE
HOSPITAL,33,SE 33,Occupational Therapy Service,33.4.1.1,There is a multidisciplinary/interdisciplinary approach to the development and implementation of a therapeutic programme.,33.4.1.2|33.4.1.3|33.4.1.4|33.4.1.5|33.4.1.6,3,TRUE
HOSPITAL,33,SE 33,Occupational Therapy Service,33.5.1.1,Patients and families indicate that they have been informed about participation in the care process.,33.5.1.2|33.5.1.3|33.5.1.4,4,TRUE
HOSPITAL,33,SE 33,Occupational Therapy Service,33.7.1.1,There are processes that support patient and family rights during care.,33.7.1.2|33.7.1.3,5,TRUE
HOSPITAL,33,SE 33,Occupational Therapy Service,33.8.1.1,The department identifies the procedures and processes associated with the risk of infection and implements strategies to reduce risk.,33.8.1.2|33.8.1.3,6,TRUE
HOSPITAL,34,SE 34,Dietetic Service,34.2.1.1,There is adequate space for dieticians to treat patients effectively.,34.2.1.3|34.2.1.4,1,TRUE
HOSPITAL,34,SE 34,Dietetic Service,34.3.1.1,Policies and procedures that guide the personnel in the management and clinical aspects of the dietetic service are available and implemented.,34.3.1.2|34.3.1.3|34.3.1.4,2,TRUE
HOSPITAL,34,SE 34,Dietetic Service,34.4.1.1,There is a multidisciplinary/interdisciplinary approach to the development and implementation of a therapeutic programme.,34.4.1.2|34.4.1.3|34.4.1.4|34.4.1.5|34.4.1.6,3,TRUE
HOSPITAL,34,SE 34,Dietetic Service,34.5.1.1,Patients and families indicate that they have been informed about participation in the care process.,34.5.1.2|34.5.1.3|34.5.1.4,4,TRUE
HOSPITAL,34,SE 34,Dietetic Service,34.7.1.1,There are processes that support patient and family rights during care.,34.7.1.2|34.7.1.3,5,TRUE
HOSPITAL,34,SE 34,Dietetic Service,34.8.1.1,The department identifies the procedures and processes associated with the risk of infection and implements strategies to reduce risk.,34.8.1.2|34.8.1.3|34.8.1.4,6,TRUE
HOSPITAL,35,SE 35,Speech Therapy Service,35.2.1.1,There is adequate space for speech therapists to treat patients effectively.,35.2.1.3|35.2.1.4,1,TRUE
HOSPITAL,35,SE 35,Speech Therapy Service,35.3.1.1,Policies and procedures that guide the personnel in the management and clinical aspects of the speech therapy service are implemented.,35.3.1.2|35.3.1.3|35.3.1.4,2,TRUE
HOSPITAL,35,SE 35,Speech Therapy Service,35.4.1.1,There is a multidisciplinary/interdisciplinary approach to the development and implementation of a therapeutic programme.,35.4.1.2|35.4.1.3|35.4.1.4|35.4.1.5|35.4.1.6,3,TRUE
HOSPITAL,35,SE 35,Speech Therapy Service,35.5.1.1,Patients and families indicate that they have been informed about participation in the care process.,35.5.1.2|35.5.1.3,4,TRUE
HOSPITAL,35,SE 35,Speech Therapy Service,35.7.1.1,There are processes that support patient and family rights during care.,35.7.1.2|35.7.1.3,5,TRUE
HOSPITAL,35,SE 35,Speech Therapy Service,35.8.1.1,The department identifies the procedures and processes associated with the risk of infection and implements strategies to reduce risk.,35.8.1.2|35.8.1.3,6,TRUE
HOSPITAL,36,SE 36,Clinical Psychology Service,36.2.1.1,There is adequate space for clinical psychologists to treat patients effectively.,36.2.1.3|36.2.1.4,1,TRUE
HOSPITAL,36,SE 36,Clinical Psychology Service,36.3.1.1,Policies and procedures that guide the personnel in the management and clinical aspects of the clinical psychology service are implemented.,36.3.1.2|36.3.1.3|36.3.1.4,2,TRUE
HOSPITAL,36,SE 36,Clinical Psychology Service,36.4.1.1,There is a multidisciplinary/interdisciplinary approach to the development and implementation of a therapeutic programme.,36.4.1.2|36.4.1.3|36.4.1.4|36.4.1.5|36.4.1.6,3,TRUE
HOSPITAL,36,SE 36,Clinical Psychology Service,36.5.1.1,Patients and families indicate that they have been informed about participation in the care process.,36.5.1.2|36.5.1.3|36.5.1.4,4,TRUE
HOSPITAL,36,SE 36,Clinical Psychology Service,36.7.1.1,There are processes that support patient and family rights during care.,36.7.1.2|36.7.1.3,5,TRUE
HOSPITAL,36,SE 36,Clinical Psychology Service,36.8.1.1,The department identifies the procedures and processes associated with the risk of infection and implements strategies to reduce risk.,36.8.1.2|36.8.1.3,6,TRUE
HOSPITAL,37,SE 37,Social Work Service,37.2.1.1,There is adequate space for social workers to treat patients effectively.,37.2.1.3|37.2.1.4,1,TRUE
HOSPITAL,37,SE 37,Social Work Service,37.3.1.1,Policies and procedures that guide the personnel in the management and clinical aspects of the social work service are implemented.,37.3.1.2|37.3.1.3|37.3.1.4,2,TRUE
HOSPITAL,37,SE 37,Social Work Service,37.4.1.1,There is a multidisciplinary/interdisciplinary approach to the development and implementation of a therapeutic programme.,37.4.1.2|37.4.1.3|37.4.1.4|37.4.1.5|37.4.1.6,3,TRUE
HOSPITAL,37,SE 37,Social Work Service,37.5.1.1,Patients and families indicate that they have been informed about participation in the care process.,37.5.1.2|37.5.1.3,4,TRUE
HOSPITAL,37,SE 37,Social Work Service,37.7.1.1,There are processes that support patient and family rights during care.,37.7.1.2|37.7.1.3,5,TRUE
HOSPITAL,37,SE 37,Social Work Service,37.8.1.1,The department identifies the procedures and processes associated with the risk of infection and implements strategies to reduce risk.,37.8.1.2|37.8.1.3,6,TRUE
HOSPITAL,38,SE 38,Audiology Service,38.2.1.1,There is adequate space for audiologists to treat patients effectively.,38.2.1.3|38.2.1.4,1,TRUE
HOSPITAL,38,SE 38,Audiology Service,38.3.1.1,Policies and procedures that guide the personnel in the management and clinical aspects of the audiology service are implemented,38.3.1.2|38.3.1.3|38.3.1.4,2,TRUE
HOSPITAL,38,SE 38,Audiology Service,38.4.1.1,There is a multidisciplinary/interdisciplinary approach to the development and implementation of a therapeutic programme.,38.4.1.2|38.4.1.3|38.4.1.4|38.4.1.5|38.4.1.6,3,TRUE
HOSPITAL,38,SE 38,Audiology Service,38.5.1.1,Patients and families indicate that they have been informed about participation in the care process.,38.5.1.2|38.5.1.3,4,TRUE
HOSPITAL,38,SE 38,Audiology Service,38.7.1.1,There are processes that support patient and family rights during care.,38.7.1.2|38.7.1.3,5,TRUE
HOSPITAL,38,SE 38,Audiology Service,38.8.1.1,The department identifies the procedures and processes associated with the risk of infection and implements strategies to reduce risk.,38.8.1.2|38.8.1.3,6,TRUE
HOSPITAL,39,SE 39,Psychiatric Adolescent Care,39.1.3.2,The patients' clinical records are completed according to organisational policy,39.1.3.3|39.1.3.4|39.1.3.5|39.1.3.6|39.1.3.7|39.1.3.8,1,TRUE
HOSPITAL,39,SE 39,Psychiatric Adolescent Care,39.2.1.1,Written policies and procedures for assessing patients and their families on admission and during ongoing care are implemented,39.2.1.2|39.2.1.3|39.2.1.4|39.2.1.5,2,TRUE
HOSPITAL,39,SE 39,Psychiatric Adolescent Care,39.2.2.1,Each patient admitted has an initial assessment which meets organisation policy,39.2.2.2|39.2.2.3|39.2.2.4|39.2.2.5|39.2.2.6|39.2.2.7|39.2.2.8|39.2.2.9|39.2.2.10|39.2.2.11|39.2.2.12|39.2.2.13|39.2.2.14|39.2.2.15|39.2.2.16,3,TRUE
HOSPITAL,39,SE 39,Psychiatric Adolescent Care,39.3.1.1,Patient and personnel accommodation in the service is adequate to meet patient care needs,39.3.1.2|39.3.1.3|39.3.1.4|39.3.1.5|39.3.1.6|39.3.1.7,4,TRUE
HOSPITAL,39,SE 39,Psychiatric Adolescent Care,39.3.2.1,"The care for each patient is planned, provided and noted in the patient's record",39.3.2.2|39.3.2.3|39.3.2.4|39.3.2.5|39.3.2.6|39.3.2.7|39.3.2.8|39.3.2.9,5,TRUE
HOSPITAL,39,SE 39,Psychiatric Adolescent Care,39.3.5.1,"Documented policies, clinical guidelines or standard operating procedures for identified high risk patients and procedures, which include items (a)-(h) in the standard intent above as a minimum, are available and readily accessible",39.3.5.2|39.3.5.3,6,TRUE
HOSPITAL,39,SE 39,Psychiatric Adolescent Care,39.3.6.1,There is a documented process for the obtaining of informed consent.,39.3.6.2|39.3.6.3|39.3.6.4|39.3.6.5|39.3.6.6,7,TRUE
HOSPITAL,39,SE 39,Psychiatric Adolescent Care,39.4.1.2,"All storage areas for medication and pharmaceutical supplies comply with current pharmaceutical acts and regulations and manufacturer guidelines (for example, security, temperature, light and humidity control).",39.4.1.3|39.4.1.4|39.4.1.5|39.4.1.6|39.4.1.7|39.4.1.8|39.4.1.9|39.4.1.10|39.4.1.11,8,TRUE
HOSPITAL,39,SE 39,Psychiatric Adolescent Care,39.4.2.1,Policies and procedures that guide the safe prescribing and administration of medication are implemented,39.4.2.2|39.4.2.3|39.4.2.4|39.4.2.5|39.4.2.6|39.4.2.7|39.4.2.8|39.4.2.9|39.4.2.10|39.4.2.11|39.4.2.12|39.4.2.13|39.4.2.14,9,TRUE
HOSPITAL,39,SE 39,Psychiatric Adolescent Care,39.6.1.1,Patients and families' educational needs are assessed and recorded,39.6.1.2|39.6.1.3|39.6.1.4|39.6.1.5|39.6.1.6|39.6.1.7,10,TRUE
HOSPITAL,39,SE 39,Psychiatric Adolescent Care,39.7.1.1,Policies and procedures that guide the movement of patients within the organisation are implemented,39.7.1.2|39.7.1.3|39.7.1.4|39.7.1.5,11,TRUE
HOSPITAL,39,SE 39,Psychiatric Adolescent Care,39.7.2.1,Policies and procedures that guide the movement of patients for referral to another organisation are implemented,39.7.2.2|39.7.2.3|39.7.2.4,12,TRUE
HOSPITAL,39,SE 39,Psychiatric Adolescent Care,39.7.3.1,There is a documented process for transferring patients to other organisations,39.7.3.2|39.7.3.3|39.7.3.4|39.7.3.5|39.7.3.6,13,TRUE
HOSPITAL,39,SE 39,Psychiatric Adolescent Care,39.7.4.1,There is a documented process to discharge patients,39.7.4.2|39.7.4.3|39.7.4.4|39.7.4.5|39.7.4.6|39.7.4.7,14,TRUE
HOSPITAL,39,SE 39,Psychiatric Adolescent Care,39.9.1.1,There are processes that support patient and family rights during care,39.9.1.2|39.9.1.3|39.9.1.4|39.9.1.5,15,TRUE
HOSPITAL,40,SE 40,Psychiatric Child and Family Care,40.1.3.2,The patients' clinical records are completed according to organisational policy,40.1.3.3|40.1.3.4|40.1.3.5|40.1.3.6|40.1.3.7|40.1.3.8,1,TRUE
HOSPITAL,40,SE 40,Psychiatric Child and Family Care,40.2.1.1,Written policies and procedures for assessing patients and their families on admission and during ongoing care are implemented,40.2.1.2|40.2.1.3|40.2.1.4|40.2.1.5,2,TRUE
HOSPITAL,40,SE 40,Psychiatric Child and Family Care,40.2.2.1,Each patient admitted has an initial assessment which meets organisation policy,40.2.2.2|40.2.2.3|40.2.2.4|40.2.2.5|40.2.2.6|40.2.2.7|40.2.2.8|40.2.2.9|40.2.2.10|40.2.2.11|40.2.2.12|40.2.2.13|40.2.2.14|40.2.2.15|40.2.2.16,3,TRUE
HOSPITAL,40,SE 40,Psychiatric Child and Family Care,40.3.1.1,Patient and personnel accommodation in the service is adequate to meet patient care needs,40.3.1.2|40.3.1.3|40.3.1.4|40.3.1.5|40.3.1.6|40.3.1.7,4,TRUE
HOSPITAL,40,SE 40,Psychiatric Child and Family Care,40.3.2.1,"The care for each patient is planned, provided and noted in the patient's record",40.3.2.2|40.3.2.3|40.3.2.4|40.3.2.5|40.3.2.6|40.3.2.7|40.3.2.8|40.3.2.9,5,TRUE
HOSPITAL,40,SE 40,Psychiatric Child and Family Care,40.3.4.1,"Documented policies, clinical guidelines or standard operating procedures for identified high risk patients and procedures, which include items (a)-(h) in the standard intent above as a minimum, are available and readily accessible",40.3.4.2|40.3.4.3,6,TRUE
HOSPITAL,40,SE 40,Psychiatric Child and Family Care,40.3.5.1,There is a documented process for the obtaining of informed consent.,40.3.5.2|40.3.5.3|40.3.5.4,7,TRUE
HOSPITAL,40,SE 40,Psychiatric Child and Family Care,40.4.1.2,"All storage areas for medication and pharmaceutical supplies comply with current pharmaceutical acts and regulations and manufacturer guidelines (for example, security, temperature, light and humidity control).",40.4.1.3|40.4.1.4|40.4.1.5|40.4.1.6|40.4.1.7|40.4.1.8|40.4.1.9|40.4.1.10|40.4.1.11,8,TRUE
HOSPITAL,40,SE 40,Psychiatric Child and Family Care,40.4.2.1,Policies and procedures that guide the safe prescribing and administration of medication are implemented,40.4.2.2|40.4.2.3|40.4.2.4|40.4.2.5|40.4.2.6|40.4.2.7|40.4.2.8|40.4.2.9|40.4.2.10|40.4.2.11|40.4.2.12|40.4.2.13|40.4.2.14,9,TRUE
HOSPITAL,40,SE 40,Psychiatric Child and Family Care,40.6.1.1,Patients and families' educational needs are assessed and recorded,40.6.1.2|40.6.1.3|40.6.1.4|40.6.1.5|40.6.1.6|40.6.1.7,10,TRUE
HOSPITAL,40,SE 40,Psychiatric Child and Family Care,40.7.1.1,Policies and procedures that guide the movement of patients within the organisation are implemented,40.7.1.2|40.7.1.3|40.7.1.4|40.7.1.5,11,TRUE
HOSPITAL,40,SE 40,Psychiatric Child and Family Care,40.7.2.1,Policies and procedures that guide the movement of patients for referral to another organisation are implemented,40.7.2.2|40.7.2.3|40.7.2.4,12,TRUE
HOSPITAL,40,SE 40,Psychiatric Child and Family Care,40.7.3.1,There is a documented process for transferring patients to other organisations,40.7.3.2|40.7.3.3|40.7.3.4|40.7.3.5|40.7.3.6,13,TRUE
HOSPITAL,40,SE 40,Psychiatric Child and Family Care,40.7.4.1,There is a documented process to discharge patients,40.7.4.2|40.7.4.3|40.7.4.4|40.7.4.5|40.7.4.6|40.7.4.7,14,TRUE
HOSPITAL,40,SE 40,Psychiatric Child and Family Care,40.9.1.1,There are processes that support patient and family rights during care,40.9.1.2|40.9.1.3|40.9.1.4|40.9.1.5,15,TRUE
HOSPITAL,41,SE 41,Psychiatric Electro-Convulsive Therapy Care,41.2.1.1,Written policies and procedures for assessing patients and their families on admission and during ongoing care are implemented,41.2.1.2|41.2.1.3|41.2.1.4|41.2.1.5|41.2.1.6|41.2.1.7|41.2.1.8|41.2.1.9,1,TRUE
HOSPITAL,41,SE 41,Psychiatric Electro-Convulsive Therapy Care,41.2.2.1,Written policies and procedures guide the activities of the ECT treatment room.,41.2.2.2|41.2.2.3|41.2.2.4,2,TRUE
HOSPITAL,41,SE 41,Psychiatric Electro-Convulsive Therapy Care,41.3.1.1,Patients have an anaesthetic assessment performed before the administration of anaesthesia by a qualified health professional,41.3.1.2|41.3.1.3|41.3.1.4|41.3.1.5|41.3.1.6|41.3.1.7|41.3.1.8|41.3.1.9|41.3.1.10,3,TRUE
HOSPITAL,41,SE 41,Psychiatric Electro-Convulsive Therapy Care,41.4.1.1,"The design of the ECT treatment area provides space for the reception, anaesthesia, treatment, recovery and observation of patients.",41.4.1.2|41.4.1.3|41.4.1.4|41.4.1.5,4,TRUE
HOSPITAL,41,SE 41,Psychiatric Electro-Convulsive Therapy Care,41.6.1.1,There are processes that support patient and family rights during care,41.6.1.2|41.6.1.3|41.6.1.4|41.6.1.5,5,TRUE
HOSPITAL,42,SE 42,Psychiatric Forensic Service,42.1.3.2,The patients' clinical records are completed according to organisational policy,42.1.3.3|42.1.3.4|42.1.3.5|42.1.3.6|42.1.3.7|42.1.3.8|42.1.3.9,1,TRUE
HOSPITAL,42,SE 42,Psychiatric Forensic Service,42.2.1.1,Written policies and procedures for assessing patients and their families on admission and during ongoing care are implemented,42.2.1.2|42.2.1.3|42.2.1.4|42.2.1.5,2,TRUE
HOSPITAL,42,SE 42,Psychiatric Forensic Service,42.2.2.1,Each patient admitted has an initial assessment which meets organisation policy,42.2.2.2|42.2.2.3|42.2.2.4|42.2.2.5|42.2.2.6|42.2.2.7|42.2.2.8|42.2.2.9|42.2.2.10|42.2.2.11|42.2.2.12|42.2.2.13|42.2.2.14,3,TRUE
HOSPITAL,42,SE 42,Psychiatric Forensic Service,42.3.1.1,Patient and personnel accommodation in the service is adequate to meet patient care needs,42.3.1.2|42.3.1.3|42.3.1.4|42.3.1.5|42.3.1.6|42.3.1.7,4,TRUE
HOSPITAL,42,SE 42,Psychiatric Forensic Service,42.3.2.1,"The care for each patient is planned, provided and noted in the patient's record",42.3.2.2|42.3.2.3|42.3.2.4|42.3.2.5|42.3.2.6|42.3.2.7|42.3.2.8|42.3.2.9,5,TRUE
HOSPITAL,42,SE 42,Psychiatric Forensic Service,42.3.5.1,"Documented policies, clinical guidelines or standard operating procedures for identified high risk patients and procedures, which include items (a)-(m) in the standard intent above as a minimum, are available and readily accessible",42.3.5.2|42.3.5.3,6,TRUE
HOSPITAL,42,SE 42,Psychiatric Forensic Service,42.3.6.1,There is a documented process for the obtaining of informed consent.,42.3.6.2|42.3.6.3|42.3.6.4|42.3.6.5,7,TRUE
HOSPITAL,42,SE 42,Psychiatric Forensic Service,42.4.1.2,"All storage areas for medication and pharmaceutical supplies comply with current pharmaceutical acts and regulations and manufacturer guidelines (for example, security, temperature, light and humidity control).",42.4.1.3|42.4.1.4|42.4.1.5|42.4.1.6|42.4.1.7|42.4.1.8|42.4.1.9|42.4.1.10|42.4.1.11,8,TRUE
HOSPITAL,42,SE 42,Psychiatric Forensic Service,42.4.2.1,Policies and procedures that guide the safe prescribing and administration of medication are implemented,42.4.2.2|42.4.2.3|42.4.2.4|42.4.2.5|42.4.2.6|42.4.2.7|42.4.2.8|42.4.2.9|42.4.2.10|42.4.2.11|42.4.2.12|42.4.2.13|42.4.2.14,9,TRUE
HOSPITAL,42,SE 42,Psychiatric Forensic Service,42.6.1.1,Patients and families' educational needs are assessed and recorded,42.6.1.2|42.6.1.3|42.6.1.4|42.6.1.5|42.6.1.6|42.6.1.7,10,TRUE
HOSPITAL,42,SE 42,Psychiatric Forensic Service,42.7.1.1,Policies and procedures that guide the movement of patients within the organisation are implemented,42.7.1.2|42.7.1.3|42.7.1.4|42.7.1.5,11,TRUE
HOSPITAL,42,SE 42,Psychiatric Forensic Service,42.7.2.1,Policies and procedures that guide the movement of patients for referral to another organisation are implemented,42.7.2.2|42.7.2.3|42.7.2.4,12,TRUE
HOSPITAL,42,SE 42,Psychiatric Forensic Service,42.7.3.1,There is a documented process for transferring patients to other organisations,42.7.3.2|42.7.3.3|42.7.3.4|42.7.3.5|42.7.3.6,13,TRUE
HOSPITAL,42,SE 42,Psychiatric Forensic Service,42.7.4.1,There is an implemented policy that details the process to discharge patients from the forensic unit,42.7.4.2|42.7.4.3|42.7.4.4|42.7.4.5|42.7.4.6|42.7.4.7,14,TRUE
HOSPITAL,42,SE 42,Psychiatric Forensic Service,42.9.1.1,There are processes that support patient and family rights during care,42.9.1.2|42.9.1.3|42.9.1.4|42.9.1.5,15,TRUE
HOSPITAL,43,SE 43,Psychiatric Mentally Handicapped Care,43.1.3.2,The patients' clinical records are completed according to organisational policy,43.1.3.3|43.1.3.4|43.1.3.5|43.1.3.6|43.1.3.7|43.1.3.8,1,TRUE
HOSPITAL,43,SE 43,Psychiatric Mentally Handicapped Care,43.2.1.1,Written policies and procedures for assessing patients and their families on admission and during ongoing care are implemented,43.2.1.2|43.2.1.3|43.2.1.4|43.2.1.5,2,TRUE
HOSPITAL,43,SE 43,Psychiatric Mentally Handicapped Care,43.2.2.1,Each patient admitted has an initial assessment which meets organisation policy,43.2.2.2|43.2.2.3|43.2.2.4|43.2.2.5|43.2.2.6|43.2.2.7|43.2.2.8|43.2.2.9|43.2.2.10|43.2.2.11|43.2.2.12|43.2.2.13|43.2.2.14|43.2.2.15|43.2.2.16,3,TRUE
HOSPITAL,43,SE 43,Psychiatric Mentally Handicapped Care,43.3.1.1,Patient and personnel accommodation in the service is adequate to meet patient care needs,43.3.1.2|43.3.1.3|43.3.1.4|43.3.1.5|43.3.1.6|43.3.1.7,4,TRUE
HOSPITAL,43,SE 43,Psychiatric Mentally Handicapped Care,43.3.2.1,"The care for each patient is planned, provided and noted in the patient's record",43.3.2.2|43.3.2.3|43.3.2.4|43.3.2.5|43.3.2.6|43.3.2.7|43.3.2.8|43.3.2.9|43.3.2.10,5,TRUE
HOSPITAL,43,SE 43,Psychiatric Mentally Handicapped Care,43.3.5.1,"Documented policies, clinical guidelines or standard operating procedures for identified high risk patients and procedures, which include items (a)-(g) in the standard intent above as a minimum, are available and readily accessible",43.3.5.2|43.3.5.3,6,TRUE
HOSPITAL,43,SE 43,Psychiatric Mentally Handicapped Care,43.3.6.1,There is a documented process for the obtaining of informed consent.,43.3.6.2|43.3.6.3|43.3.6.4|43.3.6.5|43.3.6.6,7,TRUE
HOSPITAL,43,SE 43,Psychiatric Mentally Handicapped Care,43.4.1.2,"All storage areas for medication and pharmaceutical supplies comply with current pharmaceutical acts and regulations and manufacturer guidelines (for example, security, temperature, light and humidity control).",43.4.1.3|43.4.1.4|43.4.1.5|43.4.1.6|43.4.1.7|43.4.1.8|43.4.1.9|43.4.1.10|43.4.1.11,8,TRUE
HOSPITAL,43,SE 43,Psychiatric Mentally Handicapped Care,43.4.2.1,Policies and procedures that guide the safe prescribing and administration of medication are implemented,43.4.2.2|43.4.2.3|43.4.2.4|43.4.2.5|43.4.2.6|43.4.2.7|43.4.2.8|43.4.2.9|43.4.2.10|43.4.2.11|43.4.2.12|43.4.2.13|43.4.2.14,9,TRUE
HOSPITAL,43,SE 43,Psychiatric Mentally Handicapped Care,43.6.1.1,Patients and families' educational needs are assessed and recorded,43.6.1.2|43.6.1.3|43.6.1.4|43.6.1.5|43.6.1.6|43.6.1.7,10,TRUE
HOSPITAL,43,SE 43,Psychiatric Mentally Handicapped Care,43.7.1.1,Policies and procedures that guide the movement of patients within the organisation are implemented,43.7.1.2|43.7.1.3|43.7.1.4|43.7.1.5,11,TRUE
HOSPITAL,43,SE 43,Psychiatric Mentally Handicapped Care,43.7.2.1,Policies and procedures that guide the movement of patients for referral to another organisation are implemented,43.7.2.2|43.7.2.3|43.7.2.4,12,TRUE
HOSPITAL,43,SE 43,Psychiatric Mentally Handicapped Care,43.7.3.1,There is a documented process for transferring patients to other organisations,43.7.3.2|43.7.3.3|43.7.3.4|43.7.3.5|43.7.3.6,13,TRUE
HOSPITAL,43,SE 43,Psychiatric Mentally Handicapped Care,43.7.4.1,There is a documented process to discharge patients,43.7.4.2|43.7.4.3|43.7.4.4|43.7.4.5|43.7.4.6|43.7.4.7,14,TRUE
HOSPITAL,43,SE 43,Psychiatric Mentally Handicapped Care,43.9.1.1,There are processes that support patient and family rights during care,43.9.1.2|43.9.1.3|43.9.1.4|43.9.1.5,15,TRUE
HOSPITAL,44,SE 44,Psychiatric Rehabilitation Care,44.1.3.2,The patients' clinical records are completed according to organisational policy,44.1.3.3|44.1.3.4|44.1.3.5|44.1.3.6|44.1.3.7|44.1.3.8,1,TRUE
HOSPITAL,44,SE 44,Psychiatric Rehabilitation Care,44.2.1.1,Written policies and procedures for assessing patients and their families on admission and during ongoing care are implemented,44.2.1.2|44.2.1.3|44.2.1.4|44.2.1.5,2,TRUE
HOSPITAL,44,SE 44,Psychiatric Rehabilitation Care,44.2.2.1,Each patient admitted has an initial assessment which meets organisation policy,44.2.2.2|44.2.2.3|44.2.2.4|44.2.2.5|44.2.2.6|44.2.2.7|44.2.2.8|44.2.2.9|44.2.2.10|44.2.2.11|44.2.2.12|44.2.2.13|44.2.2.14,3,TRUE
HOSPITAL,44,SE 44,Psychiatric Rehabilitation Care,44.3.1.1,Patient and personnel accommodation in the service is adequate to meet patient care needs,44.3.1.2|44.3.1.3|44.3.1.4|44.3.1.5|44.3.1.6|44.3.1.7,4,TRUE
HOSPITAL,44,SE 44,Psychiatric Rehabilitation Care,44.3.2.1,"The care for each patient is planned, provided and noted in the patient's record",44.3.2.2|44.3.2.3|44.3.2.4|44.3.2.5|44.3.2.6|44.3.2.7|44.3.2.8|44.3.2.9,5,TRUE
HOSPITAL,44,SE 44,Psychiatric Rehabilitation Care,44.3.5.1,"Documented policies, clinical guidelines or standard operating procedures for identified high risk patients and procedures, which include items (a)-(i) in the standard intent above as a minimum, are available and readily accessible",44.3.5.2|44.3.5.3,6,TRUE
HOSPITAL,44,SE 44,Psychiatric Rehabilitation Care,44.3.6.1,There is a documented process for the obtaining of informed consent.,44.3.6.2|44.3.6.3|44.3.6.4|44.3.6.5,7,TRUE
HOSPITAL,44,SE 44,Psychiatric Rehabilitation Care,44.4.1.2,"All storage areas for medication and pharmaceutical supplies comply with current pharmaceutical acts and regulations and manufacturer guidelines (for example, security, temperature, light and humidity control).",44.4.1.3|44.4.1.4|44.4.1.5|44.4.1.6|44.4.1.7|44.4.1.8|44.4.1.9|44.4.1.10|44.4.1.11,8,TRUE
HOSPITAL,44,SE 44,Psychiatric Rehabilitation Care,44.4.2.1,Policies and procedures that guide the safe prescribing and administration of medication are implemented,44.4.2.2|44.4.2.3|44.4.2.4|44.4.2.5|44.4.2.6|44.4.2.7|44.4.2.8|44.4.2.9|44.4.2.10|44.4.2.11|44.4.2.12|44.4.2.13|44.4.2.14,9,TRUE
HOSPITAL,44,SE 44,Psychiatric Rehabilitation Care,44.6.1.1,Patients and families' educational needs are assessed and recorded,44.6.1.2|44.6.1.3|44.6.1.4|44.6.1.5|44.6.1.6|44.6.1.7,10,TRUE
HOSPITAL,44,SE 44,Psychiatric Rehabilitation Care,44.7.1.1,Policies and procedures that guide the movement of patients within the organisation are implemented,44.7.1.2|44.7.1.3|44.7.1.4|44.7.1.5,11,TRUE
HOSPITAL,44,SE 44,Psychiatric Rehabilitation Care,44.7.2.1,Policies and procedures that guide the movement of patients for referral to another organisation are implemented,44.7.2.2|44.7.2.3|44.7.2.4,12,TRUE
HOSPITAL,44,SE 44,Psychiatric Rehabilitation Care,44.7.3.1,There is a documented process for transferring patients to other organisations,44.7.3.2|44.7.3.3|44.7.3.4|44.7.3.5|44.7.3.6,13,TRUE
HOSPITAL,44,SE 44,Psychiatric Rehabilitation Care,44.7.4.1,There is a documented process to discharge patients,44.7.4.2|44.7.4.3|44.7.4.4|44.7.4.5|44.7.4.6|44.7.4.7,14,TRUE
HOSPITAL,44,SE 44,Psychiatric Rehabilitation Care,44.9.1.1,There are processes that support patient and family rights during care,44.9.1.2|44.9.1.3|44.9.1.4|44.9.1.5,15,TRUE
HOSPITAL,45,SE 45,Psychiatric Volunteer Services,45.2.1.1,"There is written, planned orientation and induction programme for all new volunteers to the service",45.2.1.2|45.2.1.3|45.2.1.4|45.2.1.5|45.2.1.6|45.2.1.7|45.2.1.8|45.2.1.9,1,TRUE
HOSPITAL,45,SE 45,Psychiatric Volunteer Services,45.3.1.1,The volunteer service has written policies and procedures to guide volunteers in the activities and management of the volunteer service,45.3.1.2|45.3.1.3|45.3.1.4|45.3.1.5,2,TRUE
HOSPITAL,45,SE 45,Psychiatric Volunteer Services,45.4.1.1,"The volunteer service management personnel are included in the management committee of the organisation to advise on planning for equipment acquisition, deployment, utilisation and maintenance for the volunteer service",45.4.1.3|45.4.1.4|45.4.1.5|45.4.1.6|45.4.1.7|45.4.1.8|45.4.1.9|45.4.1.10,3,TRUE
HOSPITAL,45,SE 45,Psychiatric Volunteer Services,45.7.1.1,There are processes that support patient and family rights during volunteer care,45.7.1.2|45.7.1.4,4,TRUE
